paper_id	class_label
1107140.0	Case_Based
59626.0	Theory
1106492.0	Theory
74975.0	Case_Based
284025.0	Neural_Networks
175548.0	Neural_Networks
28485.0	Reinforcement_Learning
310530.0	Case_Based
13212.0	Neural_Networks
330148.0	Case_Based
950052.0	Case_Based
434.0	Neural_Networks
1117476.0	Genetic_Algorithms
59798.0	Neural_Networks
682666.0	Reinforcement_Learning
399173.0	Case_Based
11148.0	Rule_Learning
23502.0	Neural_Networks
23507.0	Neural_Networks
1113934.0	Case_Based
38000.0	Rule_Learning
1124844.0	Probabilistic_Methods
164885.0	Genetic_Algorithms
111866.0	Theory
93320.0	Reinforcement_Learning
1095507.0	Theory
194645.0	Reinforcement_Learning
642847.0	Probabilistic_Methods
1152508.0	Genetic_Algorithms
86840.0	Theory
108962.0	Probabilistic_Methods
108983.0	Probabilistic_Methods
65074.0	Probabilistic_Methods
29492.0	Neural_Networks
1120643.0	Genetic_Algorithms
1121398.0	Genetic_Algorithms
950305.0	Neural_Networks
1123553.0	Reinforcement_Learning
662572.0	Neural_Networks
96335.0	Case_Based
601567.0	Rule_Learning
1107567.0	Rule_Learning
1034.0	Genetic_Algorithms
136665.0	Neural_Networks
181782.0	Reinforcement_Learning
94229.0	Neural_Networks
6155.0	Reinforcement_Learning
31097.0	Neural_Networks
1109017.0	Genetic_Algorithms
5454.0	Neural_Networks
6196.0	Case_Based
6910.0	Neural_Networks
358894.0	Probabilistic_Methods
1152711.0	Theory
1118546.0	Probabilistic_Methods
1129442.0	Reinforcement_Learning
114.0	Reinforcement_Learning
12238.0	Theory
18774.0	Probabilistic_Methods
753047.0	Theory
1953.0	Case_Based
390922.0	Neural_Networks
22431.0	Theory
1116410.0	Neural_Networks
101263.0	Theory
189856.0	Probabilistic_Methods
27514.0	Neural_Networks
39126.0	Theory
28287.0	Reinforcement_Learning
194223.0	Probabilistic_Methods
10183.0	Case_Based
26850.0	Neural_Networks
29708.0	Reinforcement_Learning
1128839.0	Neural_Networks
510715.0	Neural_Networks
33412.0	Neural_Networks
25413.0	Genetic_Algorithms
1116530.0	Neural_Networks
97390.0	Genetic_Algorithms
1120211.0	Neural_Networks
1129621.0	Neural_Networks
568857.0	Genetic_Algorithms
560936.0	Neural_Networks
1128997.0	Probabilistic_Methods
1134056.0	Neural_Networks
1133338.0	Genetic_Algorithms
13917.0	Neural_Networks
574710.0	Genetic_Algorithms
1116629.0	Neural_Networks
45189.0	Theory
195150.0	Probabilistic_Methods
175576.0	Theory
446610.0	Probabilistic_Methods
642641.0	Case_Based
13269.0	Probabilistic_Methods
1104379.0	Genetic_Algorithms
83725.0	Genetic_Algorithms
642681.0	Probabilistic_Methods
1130568.0	Neural_Networks
129042.0	Genetic_Algorithms
129045.0	Case_Based
1153031.0	Neural_Networks
1122580.0	Theory
158172.0	Probabilistic_Methods
56167.0	Case_Based
108047.0	Genetic_Algorithms
1131300.0	Probabilistic_Methods
59045.0	Theory
416964.0	Neural_Networks
1131348.0	Genetic_Algorithms
93273.0	Theory
5194.0	Neural_Networks
1130653.0	Case_Based
1130678.0	Neural_Networks
1130680.0	Neural_Networks
285687.0	Theory
593813.0	Genetic_Algorithms
348437.0	Theory
646412.0	Probabilistic_Methods
102406.0	Theory
30973.0	Neural_Networks
1106771.0	Neural_Networks
95586.0	Reinforcement_Learning
6784.0	Theory
561238.0	Genetic_Algorithms
1116974.0	Neural_Networks
11335.0	Theory
400455.0	Neural_Networks
1106052.0	Case_Based
314459.0	Neural_Networks
1154042.0	Probabilistic_Methods
16451.0	Neural_Networks
232860.0	Neural_Networks
70281.0	Theory
416455.0	Genetic_Algorithms
523574.0	Theory
3236.0	Rule_Learning
20179.0	Case_Based
1102550.0	Genetic_Algorithms
12198.0	Neural_Networks
1105428.0	Genetic_Algorithms
672064.0	Neural_Networks
594025.0	Genetic_Algorithms
1108329.0	Case_Based
1104769.0	Rule_Learning
566488.0	Case_Based
248119.0	Case_Based
136768.0	Case_Based
409255.0	Neural_Networks
1109891.0	Neural_Networks
608190.0	Genetic_Algorithms
63832.0	Genetic_Algorithms
1951.0	Case_Based
463825.0	Theory
648121.0	Neural_Networks
582511.0	Theory
218410.0	Neural_Networks
1154229.0	Probabilistic_Methods
1109199.0	Genetic_Algorithms
739280.0	Neural_Networks
129558.0	Case_Based
27531.0	Theory
42847.0	Neural_Networks
155736.0	Theory
1129570.0	Genetic_Algorithms
1129573.0	Genetic_Algorithms
192850.0	Case_Based
561582.0	Probabilistic_Methods
1121659.0	Probabilistic_Methods
6343.0	Case_Based
1109208.0	Neural_Networks
10981.0	Neural_Networks
1105672.0	Case_Based
613409.0	Probabilistic_Methods
1108551.0	Theory
103529.0	Case_Based
46501.0	Theory
103531.0	Case_Based
509233.0	Rule_Learning
236759.0	Neural_Networks
643239.0	Probabilistic_Methods
1131116.0	Genetic_Algorithms
1128927.0	Theory
561610.0	Probabilistic_Methods
1128946.0	Genetic_Algorithms
13193.0	Reinforcement_Learning
753264.0	Neural_Networks
48768.0	Genetic_Algorithms
682508.0	Probabilistic_Methods
1128227.0	Genetic_Algorithms
118873.0	Neural_Networks
171954.0	Theory
592975.0	Genetic_Algorithms
1121063.0	Case_Based
13208.0	Reinforcement_Learning
273949.0	Neural_Networks
853155.0	Neural_Networks
430711.0	Neural_Networks
93923.0	Rule_Learning
50381.0	Neural_Networks
579108.0	Neural_Networks
60560.0	Neural_Networks
595193.0	Genetic_Algorithms
119686.0	Reinforcement_Learning
28504.0	Reinforcement_Learning
1128369.0	Genetic_Algorithms
35863.0	Reinforcement_Learning
1131312.0	Probabilistic_Methods
132821.0	Neural_Networks
1130676.0	Neural_Networks
987188.0	Genetic_Algorithms
1124837.0	Probabilistic_Methods
1132857.0	Probabilistic_Methods
1136449.0	Neural_Networks
1103038.0	Theory
1109581.0	Probabilistic_Methods
9586.0	Reinforcement_Learning
1153942.0	Genetic_Algorithms
709113.0	Rule_Learning
187354.0	Neural_Networks
58454.0	Case_Based
1131471.0	Neural_Networks
1134320.0	Probabilistic_Methods
75983.0	Neural_Networks
95594.0	Reinforcement_Learning
596075.0	Case_Based
18536.0	Neural_Networks
387795.0	Genetic_Algorithms
645046.0	Probabilistic_Methods
644363.0	Probabilistic_Methods
47683.0	Theory
642930.0	Neural_Networks
593201.0	Genetic_Algorithms
1123530.0	Genetic_Algorithms
1135115.0	Neural_Networks
593210.0	Genetic_Algorithms
49844.0	Rule_Learning
1106854.0	Neural_Networks
342802.0	Neural_Networks
72406.0	Reinforcement_Learning
1152676.0	Genetic_Algorithms
6152.0	Reinforcement_Learning
1114184.0	Neural_Networks
1112767.0	Neural_Networks
160705.0	Neural_Networks
628458.0	Neural_Networks
13654.0	Neural_Networks
13686.0	Neural_Networks
36162.0	Neural_Networks
62329.0	Neural_Networks
1152761.0	Genetic_Algorithms
675756.0	Neural_Networks
1102625.0	Theory
1103383.0	Genetic_Algorithms
6215.0	Reinforcement_Learning
288107.0	Theory
1121537.0	Theory
563613.0	Neural_Networks
2698.0	Neural_Networks
1120858.0	Neural_Networks
40605.0	Probabilistic_Methods
754594.0	Neural_Networks
1117920.0	Probabilistic_Methods
594900.0	Genetic_Algorithms
523010.0	Probabilistic_Methods
42156.0	Neural_Networks
335042.0	Neural_Networks
195792.0	Genetic_Algorithms
1108570.0	Theory
1385.0	Reinforcement_Learning
134060.0	Theory
31336.0	Neural_Networks
37879.0	Probabilistic_Methods
31353.0	Neural_Networks
32083.0	Neural_Networks
49482.0	Probabilistic_Methods
1113739.0	Reinforcement_Learning
1126050.0	Theory
13966.0	Reinforcement_Learning
1139195.0	Genetic_Algorithms
28491.0	Reinforcement_Learning
4330.0	Neural_Networks
5062.0	Case_Based
193742.0	Neural_Networks
58268.0	Rule_Learning
37998.0	Rule_Learning
34315.0	Probabilistic_Methods
51834.0	Theory
1136393.0	Probabilistic_Methods
63477.0	Case_Based
949318.0	Neural_Networks
63486.0	Probabilistic_Methods
1153866.0	Theory
1131314.0	Probabilistic_Methods
1111733.0	Neural_Networks
232605.0	Rule_Learning
144408.0	Neural_Networks
85299.0	Neural_Networks
145176.0	Neural_Networks
1118245.0	Reinforcement_Learning
1152436.0	Case_Based
5966.0	Genetic_Algorithms
1113995.0	Neural_Networks
400356.0	Probabilistic_Methods
428610.0	Neural_Networks
1115456.0	Neural_Networks
1114777.0	Case_Based
1153254.0	Rule_Learning
27241.0	Neural_Networks
27246.0	Neural_Networks
95589.0	Reinforcement_Learning
65057.0	Probabilistic_Methods
644334.0	Probabilistic_Methods
567018.0	Neural_Networks
1123576.0	Neural_Networks
1106849.0	Neural_Networks
6898.0	Neural_Networks
73146.0	Probabilistic_Methods
1111230.0	Reinforcement_Learning
52847.0	Probabilistic_Methods
175909.0	Case_Based
1120713.0	Neural_Networks
12197.0	Theory
20923.0	Probabilistic_Methods
22386.0	Case_Based
93555.0	Neural_Networks
17201.0	Reinforcement_Learning
644494.0	Probabilistic_Methods
13652.0	Neural_Networks
13656.0	Neural_Networks
13658.0	Neural_Networks
17242.0	Probabilistic_Methods
6917.0	Theory
188318.0	Neural_Networks
2665.0	Neural_Networks
340075.0	Neural_Networks
1955.0	Case_Based
1959.0	Case_Based
628500.0	Reinforcement_Learning
4804.0	Theory
1105574.0	Neural_Networks
906.0	Neural_Networks
1152821.0	Neural_Networks
39131.0	Case_Based
1272.0	Theory
1152859.0	Neural_Networks
288.0	Genetic_Algorithms
55968.0	Reinforcement_Learning
1114388.0	Case_Based
28350.0	Neural_Networks
289781.0	Genetic_Algorithms
28389.0	Reinforcement_Learning
46536.0	Probabilistic_Methods
1131198.0	Genetic_Algorithms
42221.0	Theory
110162.0	Case_Based
66986.0	Neural_Networks
212107.0	Case_Based
28412.0	Neural_Networks
62607.0	Case_Based
166825.0	Case_Based
509379.0	Neural_Networks
411092.0	Probabilistic_Methods
445938.0	Theory
40922.0	Case_Based
52515.0	Probabilistic_Methods
1152379.0	Theory
265203.0	Neural_Networks
628888.0	Neural_Networks
1153879.0	Theory
27895.0	Case_Based
65650.0	Theory
1130657.0	Rule_Learning
133567.0	Neural_Networks
376704.0	Neural_Networks
100961.0	Neural_Networks
231249.0	Genetic_Algorithms
1694.0	Reinforcement_Learning
650834.0	Probabilistic_Methods
38845.0	Case_Based
1111899.0	Case_Based
601462.0	Genetic_Algorithms
6741.0	Reinforcement_Learning
395725.0	Neural_Networks
54129.0	Genetic_Algorithms
1132948.0	Neural_Networks
95597.0	Reinforcement_Learning
1153280.0	Genetic_Algorithms
1135899.0	Neural_Networks
591017.0	Rule_Learning
67246.0	Neural_Networks
135130.0	Genetic_Algorithms
1130808.0	Probabilistic_Methods
395075.0	Genetic_Algorithms
582349.0	Probabilistic_Methods
77438.0	Probabilistic_Methods
1116268.0	Neural_Networks
1103969.0	Probabilistic_Methods
174418.0	Neural_Networks
1152663.0	Reinforcement_Learning
1110515.0	Genetic_Algorithms
52835.0	Rule_Learning
1129369.0	Genetic_Algorithms
1817.0	Genetic_Algorithms
20193.0	Rule_Learning
644441.0	Probabilistic_Methods
259702.0	Genetic_Algorithms
1131611.0	Neural_Networks
617575.0	Neural_Networks
15076.0	Neural_Networks
1130927.0	Rule_Learning
1130929.0	Neural_Networks
1108363.0	Case_Based
1107674.0	Genetic_Algorithms
300071.0	Probabilistic_Methods
1152740.0	Theory
175291.0	Neural_Networks
48555.0	Neural_Networks
1952.0	Case_Based
1121569.0	Neural_Networks
230879.0	Neural_Networks
1104851.0	Theory
28202.0	Reinforcement_Learning
118682.0	Case_Based
70442.0	Genetic_Algorithms
1246.0	Reinforcement_Learning
1114331.0	Genetic_Algorithms
6385.0	Reinforcement_Learning
1131828.0	Genetic_Algorithms
262178.0	Genetic_Algorithms
1110024.0	Case_Based
1104999.0	Genetic_Algorithms
633031.0	Neural_Networks
686061.0	Neural_Networks
1155073.0	Rule_Learning
1107861.0	Theory
1106401.0	Theory
1134022.0	Neural_Networks
1126011.0	Probabilistic_Methods
1121739.0	Rule_Learning
1105718.0	Neural_Networks
78555.0	Neural_Networks
646900.0	Genetic_Algorithms
89416.0	Probabilistic_Methods
1108656.0	Case_Based
1115959.0	Neural_Networks
1105011.0	Probabilistic_Methods
28489.0	Reinforcement_Learning
40125.0	Probabilistic_Methods
20528.0	Neural_Networks
1123239.0	Neural_Networks
662250.0	Neural_Networks
1131266.0	Probabilistic_Methods
179180.0	Neural_Networks
853116.0	Neural_Networks
1125402.0	Probabilistic_Methods
31489.0	Genetic_Algorithms
1105877.0	Probabilistic_Methods
243483.0	Genetic_Algorithms
1152394.0	Genetic_Algorithms
35852.0	Neural_Networks
1131305.0	Probabilistic_Methods
239829.0	Case_Based
1104435.0	Neural_Networks
151708.0	Probabilistic_Methods
118260.0	Neural_Networks
1113926.0	Neural_Networks
94713.0	Probabilistic_Methods
1107385.0	Neural_Networks
5959.0	Rule_Learning
714208.0	Probabilistic_Methods
1109566.0	Neural_Networks
177115.0	Case_Based
28641.0	Theory
90470.0	Reinforcement_Learning
73712.0	Neural_Networks
684972.0	Probabilistic_Methods
195361.0	Probabilistic_Methods
529165.0	Neural_Networks
1107418.0	Genetic_Algorithms
1129994.0	Neural_Networks
1108167.0	Theory
1108169.0	Neural_Networks
49753.0	Probabilistic_Methods
1059953.0	Theory
521269.0	Case_Based
1134348.0	Probabilistic_Methods
240791.0	Neural_Networks
15670.0	Genetic_Algorithms
817774.0	Theory
235683.0	Rule_Learning
593921.0	Genetic_Algorithms
8961.0	Theory
578669.0	Genetic_Algorithms
1127863.0	Theory
1135894.0	Probabilistic_Methods
156977.0	Probabilistic_Methods
763010.0	Neural_Networks
1120650.0	Rule_Learning
47682.0	Rule_Learning
178718.0	Genetic_Algorithms
66563.0	Genetic_Algorithms
1131557.0	Genetic_Algorithms
3932.0	Case_Based
118435.0	Neural_Networks
118436.0	Neural_Networks
1111978.0	Probabilistic_Methods
1050679.0	Genetic_Algorithms
1114838.0	Theory
1026.0	Genetic_Algorithms
711527.0	Theory
3232.0	Theory
1114118.0	Neural_Networks
1113438.0	Genetic_Algorithms
633585.0	Probabilistic_Methods
82664.0	Case_Based
594011.0	Genetic_Algorithms
1120786.0	Theory
390889.0	Neural_Networks
594039.0	Reinforcement_Learning
256106.0	Neural_Networks
1115670.0	Rule_Learning
120817.0	Neural_Networks
2695.0	Neural_Networks
644577.0	Probabilistic_Methods
1213.0	Rule_Learning
1115790.0	Neural_Networks
73323.0	Case_Based
1114336.0	Case_Based
6318.0	Theory
431206.0	Neural_Networks
74821.0	Neural_Networks
1152179.0	Neural_Networks
350373.0	Theory
252725.0	Rule_Learning
299195.0	Neural_Networks
427606.0	Genetic_Algorithms
1120252.0	Theory
1131163.0	Theory
767763.0	Probabilistic_Methods
1128974.0	Genetic_Algorithms
24043.0	Neural_Networks
1126012.0	Reinforcement_Learning
1106418.0	Theory
48766.0	Genetic_Algorithms
13960.0	Reinforcement_Learning
182093.0	Genetic_Algorithms
1153703.0	Case_Based
1134865.0	Genetic_Algorithms
35778.0	Probabilistic_Methods
1031453.0	Neural_Networks
1131277.0	Probabilistic_Methods
23448.0	Neural_Networks
15431.0	Genetic_Algorithms
628815.0	Neural_Networks
35061.0	Genetic_Algorithms
45212.0	Neural_Networks
219446.0	Neural_Networks
24974.0	Neural_Networks
348305.0	Rule_Learning
39403.0	Reinforcement_Learning
1107312.0	Probabilistic_Methods
1114605.0	Neural_Networks
1108050.0	Neural_Networks
341188.0	Reinforcement_Learning
714975.0	Probabilistic_Methods
1137140.0	Neural_Networks
27174.0	Neural_Networks
714260.0	Probabilistic_Methods
17798.0	Theory
733167.0	Neural_Networks
93318.0	Neural_Networks
976334.0	Reinforcement_Learning
390693.0	Neural_Networks
4584.0	Neural_Networks
180187.0	Rule_Learning
27203.0	Theory
75969.0	Neural_Networks
108963.0	Probabilistic_Methods
399339.0	Reinforcement_Learning
1110426.0	Rule_Learning
159084.0	Theory
205192.0	Neural_Networks
52003.0	Neural_Networks
436796.0	Neural_Networks
1112686.0	Probabilistic_Methods
575077.0	Genetic_Algorithms
593260.0	Genetic_Algorithms
189655.0	Probabilistic_Methods
16471.0	Neural_Networks
16476.0	Neural_Networks
1136634.0	Theory
3229.0	Neural_Networks
193354.0	Rule_Learning
711598.0	Theory
3243.0	Theory
253971.0	Neural_Networks
45599.0	Reinforcement_Learning
12182.0	Theory
6151.0	Neural_Networks
1112723.0	Probabilistic_Methods
86258.0	Case_Based
114966.0	Neural_Networks
189721.0	Probabilistic_Methods
180373.0	Rule_Learning
1104007.0	Theory
175256.0	Genetic_Algorithms
15889.0	Case_Based
1104031.0	Case_Based
2658.0	Neural_Networks
1949.0	Case_Based
1113541.0	Neural_Networks
1106287.0	Genetic_Algorithms
31927.0	Neural_Networks
31932.0	Reinforcement_Learning
28227.0	Reinforcement_Learning
103430.0	Neural_Networks
1152858.0	Neural_Networks
259126.0	Genetic_Algorithms
18833.0	Genetic_Algorithms
103482.0	Neural_Networks
1107067.0	Neural_Networks
23258.0	Case_Based
648232.0	Neural_Networks
143476.0	Case_Based
1110000.0	Probabilistic_Methods
191404.0	Reinforcement_Learning
87915.0	Probabilistic_Methods
27627.0	Theory
649731.0	Neural_Networks
447224.0	Theory
1152975.0	Case_Based
1131165.0	Probabilistic_Methods
206259.0	Reinforcement_Learning
714748.0	Probabilistic_Methods
429805.0	Case_Based
561674.0	Probabilistic_Methods
1107171.0	Case_Based
1128204.0	Genetic_Algorithms
1123991.0	Theory
949217.0	Neural_Networks
696343.0	Neural_Networks
1112369.0	Neural_Networks
1114502.0	Genetic_Algorithms
84459.0	Rule_Learning
1103676.0	Probabilistic_Methods
1132706.0	Neural_Networks
1121867.0	Theory
1133469.0	Reinforcement_Learning
263069.0	Genetic_Algorithms
1109439.0	Neural_Networks
51879.0	Neural_Networks
10435.0	Case_Based
1120444.0	Case_Based
1153889.0	Case_Based
1131330.0	Probabilistic_Methods
39474.0	Genetic_Algorithms
1122642.0	Neural_Networks
6639.0	Rule_Learning
593091.0	Genetic_Algorithms
1103016.0	Probabilistic_Methods
36620.0	Case_Based
1129907.0	Probabilistic_Methods
310742.0	Probabilistic_Methods
642827.0	Probabilistic_Methods
193931.0	Neural_Networks
85352.0	Genetic_Algorithms
145215.0	Rule_Learning
1131466.0	Probabilistic_Methods
421481.0	Probabilistic_Methods
69397.0	Neural_Networks
1129243.0	Reinforcement_Learning
17821.0	Neural_Networks
66556.0	Genetic_Algorithms
58552.0	Neural_Networks
85449.0	Neural_Networks
6814.0	Rule_Learning
1154076.0	Genetic_Algorithms
33904.0	Genetic_Algorithms
18615.0	Neural_Networks
3223.0	Genetic_Algorithms
1127913.0	Probabilistic_Methods
12199.0	Theory
55770.0	Case_Based
1105450.0	Theory
10793.0	Theory
647315.0	Genetic_Algorithms
1116328.0	Theory
593329.0	Genetic_Algorithms
120039.0	Theory
293974.0	Reinforcement_Learning
1115677.0	Genetic_Algorithms
1120059.0	Neural_Networks
227178.0	Genetic_Algorithms
79809.0	Theory
79817.0	Probabilistic_Methods
576725.0	Genetic_Algorithms
39130.0	Theory
1153577.0	Genetic_Algorithms
1120169.0	Theory
178209.0	Rule_Learning
1125992.0	Case_Based
643199.0	Genetic_Algorithms
608292.0	Genetic_Algorithms
1121603.0	Neural_Networks
212777.0	Theory
583318.0	Genetic_Algorithms
709518.0	Neural_Networks
14531.0	Theory
93755.0	Neural_Networks
17476.0	Reinforcement_Learning
190706.0	Genetic_Algorithms
1118764.0	Theory
643221.0	Probabilistic_Methods
653441.0	Probabilistic_Methods
385251.0	Theory
1115166.0	Case_Based
1114442.0	Genetic_Algorithms
74921.0	Probabilistic_Methods
289085.0	Neural_Networks
1152259.0	Probabilistic_Methods
78549.0	Case_Based
604073.0	Neural_Networks
78552.0	Theory
126867.0	Reinforcement_Learning
71336.0	Neural_Networks
621555.0	Neural_Networks
578365.0	Theory
592993.0	Genetic_Algorithms
592996.0	Genetic_Algorithms
590022.0	Probabilistic_Methods
72805.0	Rule_Learning
20526.0	Reinforcement_Learning
107251.0	Theory
1131257.0	Probabilistic_Methods
1110950.0	Case_Based
212930.0	Neural_Networks
20592.0	Neural_Networks
106590.0	Neural_Networks
1106546.0	Probabilistic_Methods
31479.0	Probabilistic_Methods
752684.0	Neural_Networks
126912.0	Neural_Networks
1105887.0	Case_Based
1129096.0	Reinforcement_Learning
1153853.0	Genetic_Algorithms
1153896.0	Genetic_Algorithms
1153899.0	Genetic_Algorithms
142268.0	Probabilistic_Methods
228990.0	Neural_Networks
1132073.0	Rule_Learning
654326.0	Genetic_Algorithms
654339.0	Genetic_Algorithms
1107355.0	Neural_Networks
1132815.0	Neural_Networks
61312.0	Genetic_Algorithms
119712.0	Genetic_Algorithms
22883.0	Theory
238401.0	Theory
101660.0	Rule_Learning
593859.0	Theory
28632.0	Theory
1153922.0	Neural_Networks
1153946.0	Neural_Networks
617378.0	Neural_Networks
735311.0	Genetic_Algorithms
49720.0	Probabilistic_Methods
189572.0	Probabilistic_Methods
308529.0	Reinforcement_Learning
17811.0	Genetic_Algorithms
1102400.0	Theory
503893.0	Genetic_Algorithms
286513.0	Genetic_Algorithms
1108258.0	Case_Based
95642.0	Case_Based
270600.0	Neural_Networks
119956.0	Neural_Networks
3222.0	Probabilistic_Methods
258259.0	Neural_Networks
12169.0	Theory
1133008.0	Neural_Networks
20924.0	Probabilistic_Methods
101145.0	Neural_Networks
1154124.0	Neural_Networks
1126503.0	Rule_Learning
1133846.0	Neural_Networks
12211.0	Theory
1130243.0	Neural_Networks
1919.0	Probabilistic_Methods
164.0	Theory
385067.0	Case_Based
1999.0	Probabilistic_Methods
1123756.0	Probabilistic_Methods
17363.0	Probabilistic_Methods
50838.0	Neural_Networks
1237.0	Case_Based
238099.0	Neural_Networks
1112106.0	Neural_Networks
687401.0	Neural_Networks
190697.0	Genetic_Algorithms
1129572.0	Neural_Networks
1123093.0	Neural_Networks
89308.0	Probabilistic_Methods
628667.0	Genetic_Algorithms
628668.0	Reinforcement_Learning
1107808.0	Genetic_Algorithms
45052.0	Probabilistic_Methods
646837.0	Genetic_Algorithms
27612.0	Theory
1152917.0	Probabilistic_Methods
27631.0	Case_Based
1152991.0	Probabilistic_Methods
1131180.0	Probabilistic_Methods
1123188.0	Neural_Networks
109323.0	Probabilistic_Methods
217139.0	Case_Based
1126029.0	Theory
100701.0	Case_Based
66982.0	Neural_Networks
13972.0	Reinforcement_Learning
1153724.0	Case_Based
158098.0	Probabilistic_Methods
8699.0	Neural_Networks
68463.0	Genetic_Algorithms
18313.0	Case_Based
126920.0	Probabilistic_Methods
287787.0	Genetic_Algorithms
198866.0	Reinforcement_Learning
51866.0	Rule_Learning
28542.0	Neural_Networks
1130600.0	Reinforcement_Learning
210871.0	Neural_Networks
210872.0	Neural_Networks
132806.0	Genetic_Algorithms
12631.0	Probabilistic_Methods
12638.0	Neural_Networks
49660.0	Theory
2354.0	Case_Based
203646.0	Probabilistic_Methods
161221.0	Neural_Networks
38839.0	Case_Based
143801.0	Neural_Networks
6767.0	Theory
1152569.0	Theory
2440.0	Rule_Learning
645088.0	Probabilistic_Methods
20850.0	Theory
44017.0	Case_Based
1135137.0	Neural_Networks
1103979.0	Neural_Networks
18619.0	Theory
686532.0	Theory
75318.0	Neural_Networks
1114153.0	Neural_Networks
23069.0	Probabilistic_Methods
20920.0	Rule_Learning
1129443.0	Theory
1109873.0	Neural_Networks
6213.0	Neural_Networks
6216.0	Reinforcement_Learning
2653.0	Theory
67415.0	Theory
143323.0	Theory
1131748.0	Neural_Networks
38480.0	Reinforcement_Learning
384428.0	Neural_Networks
1107062.0	Genetic_Algorithms
39904.0	Neural_Networks
1120962.0	Neural_Networks
1117249.0	Neural_Networks
350362.0	Neural_Networks
646809.0	Genetic_Algorithms
1116594.0	Neural_Networks
1104261.0	Theory
152219.0	Neural_Networks
1131189.0	Probabilistic_Methods
95225.0	Theory
37888.0	Probabilistic_Methods
1102873.0	Neural_Networks
75695.0	Neural_Networks
34263.0	Neural_Networks
1128208.0	Genetic_Algorithms
1123926.0	Neural_Networks
628764.0	Neural_Networks
1125393.0	Case_Based
578309.0	Neural_Networks
907845.0	Neural_Networks
594387.0	Genetic_Algorithms
1127558.0	Probabilistic_Methods
1128291.0	Genetic_Algorithms
62634.0	Genetic_Algorithms
137790.0	Genetic_Algorithms
11093.0	Neural_Networks
696342.0	Neural_Networks
5038.0	Theory
134128.0	Reinforcement_Learning
1107215.0	Case_Based
12576.0	Genetic_Algorithms
105865.0	Neural_Networks
51052.0	Probabilistic_Methods
1119654.0	Theory
168332.0	Reinforcement_Learning
362926.0	Case_Based
129897.0	Neural_Networks
20602.0	Theory
116084.0	Rule_Learning
1113182.0	Reinforcement_Learning
14083.0	Neural_Networks
65653.0	Theory
91852.0	Case_Based
285675.0	Probabilistic_Methods
152483.0	Genetic_Algorithms
99030.0	Neural_Networks
577086.0	Genetic_Algorithms
1116835.0	Neural_Networks
27199.0	Theory
1132887.0	Probabilistic_Methods
640617.0	Genetic_Algorithms
25791.0	Reinforcement_Learning
3097.0	Case_Based
1105221.0	Reinforcement_Learning
650807.0	Genetic_Algorithms
38829.0	Case_Based
193918.0	Neural_Networks
1116146.0	Case_Based
521252.0	Case_Based
1123493.0	Reinforcement_Learning
177998.0	Reinforcement_Learning
255233.0	Case_Based
682815.0	Genetic_Algorithms
3101.0	Case_Based
503877.0	Genetic_Algorithms
503883.0	Genetic_Algorithms
67245.0	Neural_Networks
20833.0	Theory
1131549.0	Genetic_Algorithms
23738.0	Case_Based
318071.0	Case_Based
1119178.0	Case_Based
321004.0	Genetic_Algorithms
3233.0	Probabilistic_Methods
561364.0	Probabilistic_Methods
31043.0	Neural_Networks
157761.0	Theory
31055.0	Neural_Networks
90655.0	Neural_Networks
337766.0	Case_Based
785678.0	Neural_Networks
643734.0	Theory
191216.0	Neural_Networks
36145.0	Neural_Networks
31863.0	Theory
148341.0	Genetic_Algorithms
1117833.0	Case_Based
12247.0	Reinforcement_Learning
1136791.0	Genetic_Algorithms
578898.0	Genetic_Algorithms
1131728.0	Theory
1106298.0	Case_Based
58758.0	Genetic_Algorithms
1117184.0	Reinforcement_Learning
397488.0	Genetic_Algorithms
28290.0	Case_Based
18815.0	Case_Based
18834.0	Reinforcement_Learning
1109957.0	Reinforcement_Learning
12347.0	Neural_Networks
12359.0	Neural_Networks
116553.0	Genetic_Algorithms
6378.0	Reinforcement_Learning
14549.0	Case_Based
243274.0	Neural_Networks
135464.0	Neural_Networks
686015.0	Genetic_Algorithms
566653.0	Case_Based
299197.0	Genetic_Algorithms
592826.0	Rule_Learning
28336.0	Genetic_Algorithms
649739.0	Neural_Networks
1119471.0	Theory
212097.0	Probabilistic_Methods
141324.0	Genetic_Algorithms
241133.0	Neural_Networks
1122460.0	Case_Based
75691.0	Neural_Networks
579008.0	Genetic_Algorithms
1118823.0	Reinforcement_Learning
1121057.0	Rule_Learning
289885.0	Probabilistic_Methods
111676.0	Theory
1131230.0	Probabilistic_Methods
5075.0	Case_Based
40131.0	Neural_Networks
463.0	Genetic_Algorithms
1118120.0	Neural_Networks
94639.0	Genetic_Algorithms
631015.0	Neural_Networks
87363.0	Genetic_Algorithms
143676.0	Neural_Networks
1129021.0	Genetic_Algorithms
683355.0	Probabilistic_Methods
59772.0	Neural_Networks
126926.0	Probabilistic_Methods
990075.0	Case_Based
131317.0	Neural_Networks
1153861.0	Neural_Networks
228992.0	Theory
360028.0	Theory
1107325.0	Reinforcement_Learning
137130.0	Probabilistic_Methods
1153106.0	Neural_Networks
30817.0	Neural_Networks
23545.0	Rule_Learning
1107367.0	Case_Based
9559.0	Neural_Networks
101662.0	Theory
9581.0	Probabilistic_Methods
54844.0	Theory
57773.0	Rule_Learning
1108175.0	Case_Based
1153287.0	Reinforcement_Learning
1128531.0	Reinforcement_Learning
594649.0	Genetic_Algorithms
486840.0	Reinforcement_Learning
1130069.0	Neural_Networks
286500.0	Genetic_Algorithms
154023.0	Neural_Networks
459214.0	Genetic_Algorithms
634904.0	Genetic_Algorithms
20821.0	Rule_Learning
1135108.0	Neural_Networks
1154068.0	Probabilistic_Methods
216878.0	Theory
1111265.0	Neural_Networks
1119987.0	Case_Based
644470.0	Probabilistic_Methods
1116336.0	Probabilistic_Methods
60159.0	Neural_Networks
44121.0	Probabilistic_Methods
259772.0	Case_Based
118559.0	Neural_Networks
40583.0	Probabilistic_Methods
95719.0	Neural_Networks
36131.0	Probabilistic_Methods
6925.0	Theory
62333.0	Neural_Networks
189774.0	Probabilistic_Methods
1114992.0	Neural_Networks
263498.0	Genetic_Algorithms
18770.0	Probabilistic_Methods
18773.0	Probabilistic_Methods
18785.0	Probabilistic_Methods
1129494.0	Neural_Networks
293271.0	Theory
63835.0	Theory
1114239.0	Genetic_Algorithms
375605.0	Genetic_Algorithms
270085.0	Reinforcement_Learning
1136040.0	Neural_Networks
1131754.0	Genetic_Algorithms
4878.0	Case_Based
1125906.0	Case_Based
1125993.0	Case_Based
519318.0	Theory
29738.0	Neural_Networks
633721.0	Case_Based
630890.0	Neural_Networks
1123087.0	Neural_Networks
1103499.0	Probabilistic_Methods
1106330.0	Case_Based
1140543.0	Neural_Networks
262121.0	Genetic_Algorithms
22564.0	Case_Based
250566.0	Neural_Networks
272345.0	Case_Based
633081.0	Theory
1152959.0	Neural_Networks
34961.0	Rule_Learning
13136.0	Neural_Networks
1131137.0	Case_Based
1128943.0	Genetic_Algorithms
4274.0	Rule_Learning
152227.0	Theory
1128975.0	Probabilistic_Methods
1102850.0	Neural_Networks
182094.0	Genetic_Algorithms
16819.0	Probabilistic_Methods
28471.0	Reinforcement_Learning
1153786.0	Probabilistic_Methods
158812.0	Neural_Networks
40124.0	Probabilistic_Methods
302545.0	Probabilistic_Methods
1131270.0	Neural_Networks
134199.0	Genetic_Algorithms
853150.0	Neural_Networks
1152307.0	Case_Based
59715.0	Genetic_Algorithms
644843.0	Probabilistic_Methods
1136310.0	Probabilistic_Methods
1153091.0	Theory
140005.0	Theory
137868.0	Probabilistic_Methods
1105116.0	Probabilistic_Methods
95435.0	Reinforcement_Learning
100935.0	Genetic_Algorithms
1119751.0	Theory
552469.0	Theory
134316.0	Probabilistic_Methods
6771.0	Theory
370366.0	Theory
1102407.0	Genetic_Algorithms
1128542.0	Neural_Networks
949511.0	Neural_Networks
124296.0	Neural_Networks
69418.0	Neural_Networks
325314.0	Neural_Networks
1130856.0	Genetic_Algorithms
755082.0	Neural_Networks
16470.0	Neural_Networks
645897.0	Probabilistic_Methods
216877.0	Rule_Learning
166420.0	Neural_Networks
193352.0	Neural_Networks
78994.0	Neural_Networks
114189.0	Rule_Learning
1114125.0	Reinforcement_Learning
10798.0	Neural_Networks
154134.0	Theory
1131639.0	Neural_Networks
334153.0	Theory
321861.0	Theory
358884.0	Probabilistic_Methods
1120049.0	Neural_Networks
1103315.0	Reinforcement_Learning
12210.0	Theory
6217.0	Reinforcement_Learning
779960.0	Neural_Networks
1135368.0	Neural_Networks
1154276.0	Neural_Networks
28278.0	Reinforcement_Learning
10169.0	Theory
1104191.0	Neural_Networks
368431.0	Probabilistic_Methods
1140547.0	Neural_Networks
1152150.0	Theory
1152162.0	Neural_Networks
1105698.0	Probabilistic_Methods
1128151.0	Genetic_Algorithms
131117.0	Neural_Networks
184157.0	Reinforcement_Learning
289780.0	Theory
54550.0	Case_Based
1128959.0	Genetic_Algorithms
1128985.0	Genetic_Algorithms
654177.0	Neural_Networks
545647.0	Theory
34266.0	Neural_Networks
77826.0	Case_Based
77829.0	Probabilistic_Methods
1152290.0	Neural_Networks
1127541.0	Case_Based
44455.0	Genetic_Algorithms
218682.0	Case_Based
1113035.0	Probabilistic_Methods
576973.0	Genetic_Algorithms
53942.0	Theory
642621.0	Probabilistic_Methods
644093.0	Rule_Learning
1153003.0	Theory
51045.0	Probabilistic_Methods
746058.0	Theory
561789.0	Probabilistic_Methods
56115.0	Genetic_Algorithms
56119.0	Reinforcement_Learning
229635.0	Genetic_Algorithms
129896.0	Neural_Networks
8079.0	Theory
593068.0	Genetic_Algorithms
14807.0	Theory
513189.0	Genetic_Algorithms
1153150.0	Rule_Learning
1105932.0	Rule_Learning
87482.0	Neural_Networks
22886.0	Case_Based
1136447.0	Neural_Networks
35905.0	Neural_Networks
3084.0	Case_Based
28649.0	Theory
1153943.0	Genetic_Algorithms
30934.0	Theory
84695.0	Neural_Networks
1118347.0	Neural_Networks
1118388.0	Case_Based
851968.0	Neural_Networks
170798.0	Case_Based
575795.0	Neural_Networks
272720.0	Neural_Networks
11325.0	Theory
3191.0	Probabilistic_Methods
645084.0	Probabilistic_Methods
4660.0	Theory
66594.0	Theory
593240.0	Genetic_Algorithms
7537.0	Probabilistic_Methods
25184.0	Neural_Networks
626999.0	Neural_Networks
33907.0	Genetic_Algorithms
9716.0	Theory
1152673.0	Neural_Networks
73162.0	Probabilistic_Methods
3240.0	Theory
911198.0	Neural_Networks
1133028.0	Reinforcement_Learning
430329.0	Neural_Networks
1130931.0	Neural_Networks
469504.0	Neural_Networks
358887.0	Probabilistic_Methods
6935.0	Case_Based
1154173.0	Neural_Networks
423816.0	Neural_Networks
148399.0	Theory
300806.0	Neural_Networks
112813.0	Case_Based
312409.0	Case_Based
1102646.0	Neural_Networks
2654.0	Theory
48550.0	Neural_Networks
86359.0	Genetic_Algorithms
1120880.0	Neural_Networks
1131734.0	Genetic_Algorithms
1132486.0	Neural_Networks
50807.0	Neural_Networks
153598.0	Probabilistic_Methods
70441.0	Neural_Networks
335733.0	Genetic_Algorithms
82087.0	Reinforcement_Learning
39165.0	Probabilistic_Methods
46476.0	Theory
1071981.0	Reinforcement_Learning
1107010.0	Case_Based
1128881.0	Rule_Learning
1114364.0	Neural_Networks
179706.0	Neural_Networks
1112929.0	Neural_Networks
208345.0	Case_Based
110041.0	Genetic_Algorithms
575331.0	Genetic_Algorithms
568045.0	Case_Based
67584.0	Probabilistic_Methods
97377.0	Case_Based
27623.0	Reinforcement_Learning
39210.0	Neural_Networks
470511.0	Probabilistic_Methods
561611.0	Theory
1129683.0	Reinforcement_Learning
144212.0	Genetic_Algorithms
1128982.0	Genetic_Algorithms
121792.0	Neural_Networks
737204.0	Neural_Networks
1126037.0	Neural_Networks
1126044.0	Neural_Networks
74920.0	Probabilistic_Methods
1118083.0	Neural_Networks
578306.0	Neural_Networks
440815.0	Neural_Networks
126868.0	Case_Based
72056.0	Neural_Networks
345340.0	Reinforcement_Learning
230300.0	Theory
248431.0	Genetic_Algorithms
294239.0	Neural_Networks
40135.0	Neural_Networks
12558.0	Probabilistic_Methods
124734.0	Theory
1113831.0	Genetic_Algorithms
395553.0	Neural_Networks
155277.0	Probabilistic_Methods
260979.0	Neural_Networks
1112417.0	Probabilistic_Methods
1153860.0	Genetic_Algorithms
504.0	Rule_Learning
646334.0	Probabilistic_Methods
92589.0	Probabilistic_Methods
215912.0	Neural_Networks
1129111.0	Neural_Networks
9515.0	Theory
594511.0	Genetic_Algorithms
1135750.0	Probabilistic_Methods
1119742.0	Probabilistic_Methods
606479.0	Genetic_Algorithms
1153945.0	Genetic_Algorithms
820662.0	Neural_Networks
824245.0	Rule_Learning
573535.0	Probabilistic_Methods
1126315.0	Neural_Networks
1135082.0	Probabilistic_Methods
1126350.0	Theory
27230.0	Theory
33823.0	Neural_Networks
739707.0	Neural_Networks
1127810.0	Neural_Networks
578650.0	Genetic_Algorithms
22229.0	Genetic_Algorithms
323128.0	Theory
634902.0	Genetic_Algorithms
154047.0	Theory
178727.0	Genetic_Algorithms
1132285.0	Neural_Networks
162080.0	Neural_Networks
20857.0	Rule_Learning
145384.0	Probabilistic_Methods
35335.0	Rule_Learning
1035.0	Reinforcement_Learning
1114864.0	Theory
144679.0	Case_Based
1152633.0	Probabilistic_Methods
57119.0	Genetic_Algorithms
1110520.0	Neural_Networks
71736.0	Probabilistic_Methods
12155.0	Theory
28851.0	Genetic_Algorithms
1121459.0	Case_Based
1114192.0	Neural_Networks
180301.0	Probabilistic_Methods
118558.0	Reinforcement_Learning
693143.0	Genetic_Algorithms
167205.0	Case_Based
444191.0	Neural_Networks
263486.0	Rule_Learning
1125895.0	Reinforcement_Learning
173863.0	Probabilistic_Methods
68115.0	Case_Based
2663.0	Neural_Networks
632935.0	Probabilistic_Methods
1132416.0	Neural_Networks
66751.0	Theory
1131741.0	Reinforcement_Learning
1154232.0	Probabilistic_Methods
444240.0	Genetic_Algorithms
263553.0	Neural_Networks
630817.0	Neural_Networks
10174.0	Theory
576795.0	Genetic_Algorithms
1128868.0	Neural_Networks
1102751.0	Theory
116512.0	Case_Based
1105603.0	Neural_Networks
6344.0	Case_Based
116545.0	Genetic_Algorithms
733576.0	Neural_Networks
1104946.0	Theory
252715.0	Rule_Learning
593544.0	Genetic_Algorithms
1131150.0	Neural_Networks
117328.0	Case_Based
1128990.0	Genetic_Algorithms
354004.0	Probabilistic_Methods
13982.0	Theory
4329.0	Probabilistic_Methods
1105062.0	Neural_Networks
1131274.0	Probabilistic_Methods
1110947.0	Case_Based
641956.0	Neural_Networks
69198.0	Neural_Networks
7297.0	Neural_Networks
68495.0	Rule_Learning
126927.0	Probabilistic_Methods
595157.0	Genetic_Algorithms
1154500.0	Probabilistic_Methods
200630.0	Neural_Networks
35.0	Genetic_Algorithms
124064.0	Reinforcement_Learning
1153891.0	Case_Based
310653.0	Probabilistic_Methods
38771.0	Neural_Networks
1153166.0	Case_Based
1153169.0	Theory
1152448.0	Case_Based
46079.0	Reinforcement_Learning
119761.0	Genetic_Algorithms
1111052.0	Probabilistic_Methods
60682.0	Rule_Learning
81714.0	Genetic_Algorithms
81722.0	Case_Based
367312.0	Neural_Networks
133615.0	Theory
1112574.0	Theory
593105.0	Neural_Networks
417017.0	Reinforcement_Learning
69392.0	Neural_Networks
1717.0	Neural_Networks
400473.0	Neural_Networks
52000.0	Neural_Networks
1105394.0	Reinforcement_Learning
16485.0	Neural_Networks
559804.0	Probabilistic_Methods
1106103.0	Theory
1106112.0	Neural_Networks
248823.0	Reinforcement_Learning
919885.0	Neural_Networks
23070.0	Probabilistic_Methods
1106172.0	Reinforcement_Learning
77515.0	Theory
20942.0	Probabilistic_Methods
390896.0	Probabilistic_Methods
120013.0	Neural_Networks
1117089.0	Reinforcement_Learning
1104787.0	Neural_Networks
1119211.0	Neural_Networks
95718.0	Case_Based
1154176.0	Genetic_Algorithms
424540.0	Neural_Networks
1132418.0	Probabilistic_Methods
1104809.0	Neural_Networks
1131719.0	Rule_Learning
943.0	Case_Based
27510.0	Theory
27543.0	Neural_Networks
1117942.0	Reinforcement_Learning
18832.0	Reinforcement_Learning
158614.0	Theory
71904.0	Neural_Networks
12330.0	Neural_Networks
240321.0	Neural_Networks
219976.0	Case_Based
12350.0	Theory
7022.0	Neural_Networks
1107041.0	Case_Based
188471.0	Reinforcement_Learning
43639.0	Theory
44368.0	Genetic_Algorithms
1115886.0	Genetic_Algorithms
294126.0	Rule_Learning
38537.0	Probabilistic_Methods
139865.0	Neural_Networks
19697.0	Neural_Networks
1122425.0	Reinforcement_Learning
42207.0	Theory
110164.0	Case_Based
628751.0	Neural_Networks
8617.0	Neural_Networks
8619.0	Neural_Networks
1127566.0	Probabilistic_Methods
1118848.0	Neural_Networks
28473.0	Reinforcement_Learning
1130586.0	Genetic_Algorithms
1129018.0	Genetic_Algorithms
1125469.0	Neural_Networks
72101.0	Neural_Networks
1153097.0	Neural_Networks
131318.0	Neural_Networks
137873.0	Probabilistic_Methods
116081.0	Rule_Learning
1153897.0	Genetic_Algorithms
14090.0	Neural_Networks
1130634.0	Neural_Networks
976284.0	Theory
1130637.0	Theory
1131374.0	Genetic_Algorithms
975567.0	Reinforcement_Learning
278394.0	Neural_Networks
69284.0	Genetic_Algorithms
1106671.0	Neural_Networks
51909.0	Case_Based
989397.0	Theory
8832.0	Case_Based
25772.0	Neural_Networks
738941.0	Neural_Networks
1121254.0	Neural_Networks
33013.0	Probabilistic_Methods
85324.0	Reinforcement_Learning
261040.0	Case_Based
458439.0	Theory
1106764.0	Rule_Learning
95579.0	Reinforcement_Learning
54132.0	Genetic_Algorithms
1153262.0	Probabilistic_Methods
18582.0	Theory
1111186.0	Neural_Networks
1140230.0	Neural_Networks
205196.0	Neural_Networks
1786.0	Reinforcement_Learning
4649.0	Rule_Learning
66596.0	Case_Based
7532.0	Neural_Networks
1129367.0	Genetic_Algorithms
80491.0	Neural_Networks
20180.0	Theory
1131607.0	Neural_Networks
594047.0	Genetic_Algorithms
1119216.0	Rule_Learning
358866.0	Probabilistic_Methods
191222.0	Neural_Networks
577331.0	Genetic_Algorithms
6939.0	Rule_Learning
80515.0	Neural_Networks
65212.0	Neural_Networks
15892.0	Case_Based
141160.0	Neural_Networks
608191.0	Genetic_Algorithms
815073.0	Neural_Networks
173884.0	Probabilistic_Methods
83449.0	Case_Based
815096.0	Neural_Networks
277263.0	Theory
1113534.0	Genetic_Algorithms
1956.0	Case_Based
14431.0	Probabilistic_Methods
39890.0	Probabilistic_Methods
66782.0	Neural_Networks
28254.0	Neural_Networks
39127.0	Rule_Learning
190698.0	Genetic_Algorithms
63915.0	Neural_Networks
1113614.0	Reinforcement_Learning
1102761.0	Case_Based
510718.0	Probabilistic_Methods
686030.0	Neural_Networks
646836.0	Genetic_Algorithms
13885.0	Case_Based
608326.0	Genetic_Algorithms
147870.0	Neural_Networks
248395.0	Neural_Networks
141342.0	Genetic_Algorithms
141347.0	Genetic_Algorithms
1107136.0	Genetic_Algorithms
589923.0	Probabilistic_Methods
75693.0	Reinforcement_Learning
155158.0	Rule_Learning
1105764.0	Reinforcement_Learning
578347.0	Neural_Networks
226698.0	Neural_Networks
509315.0	Genetic_Algorithms
592973.0	Genetic_Algorithms
48075.0	Genetic_Algorithms
126128.0	Neural_Networks
703953.0	Probabilistic_Methods
1105810.0	Case_Based
7296.0	Neural_Networks
395547.0	Neural_Networks
199571.0	Reinforcement_Learning
1110256.0	Theory
264556.0	Neural_Networks
1121176.0	Case_Based
156794.0	Probabilistic_Methods
506.0	Probabilistic_Methods
653628.0	Theory
197452.0	Neural_Networks
23546.0	Theory
987197.0	Theory
69296.0	Genetic_Algorithms
41732.0	Reinforcement_Learning
576362.0	Genetic_Algorithms
523394.0	Neural_Networks
134314.0	Probabilistic_Methods
1120563.0	Case_Based
1132157.0	Probabilistic_Methods
133628.0	Theory
642894.0	Probabilistic_Methods
1118302.0	Rule_Learning
128540.0	Genetic_Algorithms
54131.0	Genetic_Algorithms
18532.0	Neural_Networks
235670.0	Neural_Networks
503871.0	Neural_Networks
399370.0	Neural_Networks
481073.0	Reinforcement_Learning
11337.0	Theory
149669.0	Case_Based
459206.0	Genetic_Algorithms
632796.0	Probabilistic_Methods
4637.0	Theory
1108209.0	Genetic_Algorithms
1140289.0	Neural_Networks
67292.0	Neural_Networks
66564.0	Genetic_Algorithms
1130847.0	Genetic_Algorithms
1108267.0	Case_Based
28026.0	Case_Based
1138027.0	Reinforcement_Learning
101811.0	Theory
1136631.0	Theory
739816.0	Neural_Networks
1135955.0	Neural_Networks
1133004.0	Neural_Networks
82666.0	Neural_Networks
1131634.0	Genetic_Algorithms
57922.0	Theory
198443.0	Genetic_Algorithms
101143.0	Case_Based
24530.0	Reinforcement_Learning
20972.0	Reinforcement_Learning
1109830.0	Rule_Learning
643069.0	Probabilistic_Methods
1112075.0	Neural_Networks
884094.0	Probabilistic_Methods
1110628.0	Probabilistic_Methods
63812.0	Case_Based
6224.0	Reinforcement_Learning
104840.0	Probabilistic_Methods
1106236.0	Case_Based
28964.0	Probabilistic_Methods
1105530.0	Neural_Networks
1135345.0	Neural_Networks
1107728.0	Reinforcement_Learning
28249.0	Reinforcement_Learning
1125944.0	Probabilistic_Methods
1125953.0	Probabilistic_Methods
46431.0	Theory
10186.0	Rule_Learning
675847.0	Neural_Networks
561568.0	Probabilistic_Methods
733534.0	Neural_Networks
7047.0	Case_Based
372862.0	Rule_Learning
561593.0	Probabilistic_Methods
1132505.0	Case_Based
1112911.0	Genetic_Algorithms
41417.0	Probabilistic_Methods
1117219.0	Neural_Networks
219218.0	Neural_Networks
103528.0	Case_Based
103537.0	Probabilistic_Methods
115188.0	Neural_Networks
56708.0	Reinforcement_Learning
1130454.0	Probabilistic_Methods
1106406.0	Reinforcement_Learning
646195.0	Probabilistic_Methods
1152272.0	Neural_Networks
248425.0	Genetic_Algorithms
1112319.0	Theory
696345.0	Neural_Networks
20534.0	Reinforcement_Learning
424.0	Neural_Networks
40151.0	Neural_Networks
636098.0	Theory
260121.0	Neural_Networks
171225.0	Neural_Networks
1110998.0	Neural_Networks
646286.0	Probabilistic_Methods
34355.0	Case_Based
8703.0	Case_Based
157401.0	Neural_Networks
782486.0	Reinforcement_Learning
1129835.0	Rule_Learning
1132083.0	Neural_Networks
232606.0	Neural_Networks
68505.0	Theory
133553.0	Neural_Networks
83826.0	Neural_Networks
133563.0	Neural_Networks
593060.0	Genetic_Algorithms
315789.0	Genetic_Algorithms
253762.0	Probabilistic_Methods
137956.0	Rule_Learning
714289.0	Neural_Networks
194617.0	Neural_Networks
134307.0	Probabilistic_Methods
521207.0	Case_Based
3828.0	Theory
7432.0	Reinforcement_Learning
396412.0	Theory
91975.0	Reinforcement_Learning
189577.0	Theory
1117618.0	Rule_Learning
8213.0	Reinforcement_Learning
88356.0	Theory
23774.0	Reinforcement_Learning
193347.0	Rule_Learning
3231.0	Theory
686559.0	Neural_Networks
6184.0	Reinforcement_Learning
160732.0	Theory
1154169.0	Probabilistic_Methods
112099.0	Case_Based
74700.0	Probabilistic_Methods
6220.0	Reinforcement_Learning
648112.0	Neural_Networks
1120866.0	Neural_Networks
1135358.0	Theory
1154230.0	Probabilistic_Methods
28265.0	Case_Based
202522.0	Probabilistic_Methods
81350.0	Reinforcement_Learning
46468.0	Neural_Networks
1128853.0	Neural_Networks
63931.0	Rule_Learning
6334.0	Case_Based
123825.0	Neural_Networks
61069.0	Genetic_Algorithms
198653.0	Genetic_Algorithms
77758.0	Probabilistic_Methods
308920.0	Probabilistic_Methods
1129629.0	Genetic_Algorithms
56709.0	Genetic_Algorithms
217115.0	Theory
34257.0	Neural_Networks
1117348.0	Neural_Networks
628766.0	Neural_Networks
18251.0	Case_Based
578337.0	Neural_Networks
1127530.0	Probabilistic_Methods
45188.0	Theory
112378.0	Case_Based
217984.0	Neural_Networks
1105033.0	Genetic_Algorithms
408885.0	Probabilistic_Methods
1131267.0	Probabilistic_Methods
368605.0	Neural_Networks
1152308.0	Case_Based
1113852.0	Theory
1129040.0	Genetic_Algorithms
1108728.0	Case_Based
89547.0	Theory
594483.0	Genetic_Algorithms
96851.0	Genetic_Algorithms
1127657.0	Case_Based
289945.0	Neural_Networks
330208.0	Neural_Networks
689152.0	Theory
1153877.0	Case_Based
111770.0	Probabilistic_Methods
1104449.0	Probabilistic_Methods
1104495.0	Probabilistic_Methods
1114629.0	Reinforcement_Learning
1117501.0	Genetic_Algorithms
99025.0	Theory
1153160.0	Rule_Learning
1132864.0	Neural_Networks
1125597.0	Genetic_Algorithms
1128437.0	Theory
97645.0	Genetic_Algorithms
1119708.0	Genetic_Algorithms
8865.0	Theory
950986.0	Neural_Networks
3095.0	Case_Based
1688.0	Genetic_Algorithms
127033.0	Genetic_Algorithms
57764.0	Theory
189566.0	Probabilistic_Methods
129287.0	Neural_Networks
19231.0	Theory
148170.0	Genetic_Algorithms
263279.0	Rule_Learning
1110438.0	Theory
1103162.0	Reinforcement_Learning
578645.0	Probabilistic_Methods
578646.0	Genetic_Algorithms
1130080.0	Neural_Networks
3192.0	Probabilistic_Methods
751408.0	Neural_Networks
207395.0	Case_Based
6818.0	Probabilistic_Methods
12158.0	Theory
1133010.0	Probabilistic_Methods
578780.0	Genetic_Algorithms
1133047.0	Rule_Learning
41216.0	Neural_Networks
1105433.0	Probabilistic_Methods
1113459.0	Reinforcement_Learning
1117049.0	Genetic_Algorithms
1104749.0	Reinforcement_Learning
315266.0	Neural_Networks
144701.0	Genetic_Algorithms
1152714.0	Neural_Networks
1106966.0	Reinforcement_Learning
157805.0	Case_Based
98698.0	Genetic_Algorithms
636500.0	Neural_Networks
340078.0	Neural_Networks
636511.0	Neural_Networks
14430.0	Rule_Learning
1997.0	Probabilistic_Methods
647413.0	Genetic_Algorithms
230884.0	Probabilistic_Methods
34082.0	Probabilistic_Methods
936.0	Case_Based
575292.0	Genetic_Algorithms
941.0	Case_Based
1109185.0	Neural_Networks
1125909.0	Probabilistic_Methods
29723.0	Probabilistic_Methods
694759.0	Theory
519353.0	Probabilistic_Methods
561581.0	Probabilistic_Methods
756061.0	Neural_Networks
45061.0	Theory
1127430.0	Genetic_Algorithms
633030.0	Theory
592830.0	Case_Based
17477.0	Genetic_Algorithms
17488.0	Reinforcement_Learning
1128198.0	Genetic_Algorithms
27632.0	Reinforcement_Learning
1152944.0	Reinforcement_Learning
12439.0	Neural_Networks
1131167.0	Probabilistic_Methods
359067.0	Case_Based
626574.0	Probabilistic_Methods
168958.0	Probabilistic_Methods
78508.0	Genetic_Algorithms
308232.0	Theory
75694.0	Theory
595056.0	Genetic_Algorithms
1118092.0	Reinforcement_Learning
78557.0	Neural_Networks
1128256.0	Probabilistic_Methods
40886.0	Neural_Networks
13205.0	Reinforcement_Learning
102938.0	Neural_Networks
1131223.0	Probabilistic_Methods
5064.0	Case_Based
107252.0	Theory
1114512.0	Neural_Networks
853114.0	Neural_Networks
20593.0	Neural_Networks
83746.0	Theory
1106568.0	Neural_Networks
126909.0	Probabilistic_Methods
19045.0	Genetic_Algorithms
1128314.0	Genetic_Algorithms
1154520.0	Neural_Networks
389715.0	Theory
671052.0	Neural_Networks
187260.0	Case_Based
1131335.0	Probabilistic_Methods
124828.0	Neural_Networks
646357.0	Theory
51180.0	Theory
1129106.0	Case_Based
9513.0	Theory
1153183.0	Reinforcement_Learning
22874.0	Neural_Networks
22875.0	Case_Based
1128453.0	Genetic_Algorithms
762980.0	Neural_Networks
714256.0	Probabilistic_Methods
1102364.0	Case_Based
820661.0	Theory
47570.0	Case_Based
206524.0	Rule_Learning
593104.0	Genetic_Algorithms
1119004.0	Neural_Networks
1130780.0	Genetic_Algorithms
1134346.0	Probabilistic_Methods
33818.0	Genetic_Algorithms
235679.0	Rule_Learning
220420.0	Genetic_Algorithms
365294.0	Reinforcement_Learning
1105344.0	Neural_Networks
644361.0	Probabilistic_Methods
1105360.0	Rule_Learning
642920.0	Neural_Networks
459216.0	Reinforcement_Learning
1104647.0	Genetic_Algorithms
654519.0	Genetic_Algorithms
162075.0	Neural_Networks
1135122.0	Neural_Networks
1131565.0	Neural_Networks
601561.0	Case_Based
24476.0	Probabilistic_Methods
449841.0	Rule_Learning
86923.0	Neural_Networks
62274.0	Theory
1110546.0	Genetic_Algorithms
12165.0	Theory
644427.0	Probabilistic_Methods
467383.0	Genetic_Algorithms
1154123.0	Neural_Networks
36167.0	Reinforcement_Learning
245288.0	Reinforcement_Learning
45603.0	Genetic_Algorithms
18781.0	Neural_Networks
293285.0	Theory
308003.0	Rule_Learning
32698.0	Theory
131042.0	Neural_Networks
27535.0	Neural_Networks
1120197.0	Theory
1123068.0	Case_Based
262108.0	Genetic_Algorithms
1140548.0	Neural_Networks
22566.0	Case_Based
1106388.0	Rule_Learning
102061.0	Genetic_Algorithms
1110028.0	Theory
1139009.0	Neural_Networks
593559.0	Genetic_Algorithms
131122.0	Case_Based
7867.0	Genetic_Algorithms
28359.0	Reinforcement_Learning
255628.0	Neural_Networks
397590.0	Rule_Learning
616336.0	Rule_Learning
233106.0	Neural_Networks
1131172.0	Probabilistic_Methods
152226.0	Neural_Networks
1061127.0	Neural_Networks
13195.0	Reinforcement_Learning
340299.0	Neural_Networks
1481.0	Case_Based
1103610.0	Probabilistic_Methods
662279.0	Neural_Networks
153063.0	Probabilistic_Methods
1130567.0	Reinforcement_Learning
50337.0	Probabilistic_Methods
1106547.0	Reinforcement_Learning
7272.0	Neural_Networks
10430.0	Case_Based
1120431.0	Neural_Networks
649944.0	Rule_Learning
1115375.0	Neural_Networks
1132809.0	Rule_Learning
22835.0	Neural_Networks
1136422.0	Neural_Networks
1108841.0	Neural_Networks
353541.0	Genetic_Algorithms
8872.0	Genetic_Algorithms
35922.0	Probabilistic_Methods
134320.0	Probabilistic_Methods
662416.0	Neural_Networks
1131421.0	Neural_Networks
38846.0	Case_Based
30901.0	Genetic_Algorithms
573553.0	Theory
1118332.0	Neural_Networks
1132922.0	Neural_Networks
1132968.0	Neural_Networks
1127812.0	Neural_Networks
159085.0	Neural_Networks
3187.0	Probabilistic_Methods
1110494.0	Neural_Networks
169280.0	Case_Based
52007.0	Neural_Networks
671293.0	Neural_Networks
85452.0	Theory
145315.0	Rule_Learning
31769.0	Neural_Networks
94953.0	Probabilistic_Methods
787016.0	Genetic_Algorithms
1110531.0	Theory
1063773.0	Neural_Networks
280876.0	Probabilistic_Methods
64484.0	Reinforcement_Learning
211875.0	Theory
17208.0	Reinforcement_Learning
1131647.0	Neural_Networks
12946.0	Probabilistic_Methods
180399.0	Neural_Networks
1120019.0	Neural_Networks
45605.0	Neural_Networks
35490.0	Neural_Networks
328370.0	Neural_Networks
1112099.0	Theory
6209.0	Reinforcement_Learning
28957.0	Probabilistic_Methods
1138970.0	Neural_Networks
647408.0	Genetic_Algorithms
1132459.0	Neural_Networks
32688.0	Neural_Networks
10177.0	Theory
18811.0	Probabilistic_Methods
13024.0	Neural_Networks
82098.0	Genetic_Algorithms
80656.0	Neural_Networks
6346.0	Theory
179702.0	Neural_Networks
1125258.0	Neural_Networks
1116569.0	Neural_Networks
1123867.0	Theory
126793.0	Probabilistic_Methods
1129608.0	Genetic_Algorithms
1365.0	Neural_Networks
34979.0	Theory
1128945.0	Neural_Networks
107177.0	Neural_Networks
928873.0	Neural_Networks
128202.0	Theory
128203.0	Theory
1152244.0	Case_Based
110163.0	Case_Based
1127551.0	Neural_Networks
105057.0	Genetic_Algorithms
28447.0	Reinforcement_Learning
696346.0	Neural_Networks
1131236.0	Probabilistic_Methods
144330.0	Theory
1133428.0	Probabilistic_Methods
105899.0	Neural_Networks
94641.0	Genetic_Algorithms
576257.0	Genetic_Algorithms
368657.0	Neural_Networks
128383.0	Case_Based
1136342.0	Genetic_Algorithms
1127619.0	Rule_Learning
51831.0	Neural_Networks
521855.0	Probabilistic_Methods
131315.0	Neural_Networks
62718.0	Case_Based
38722.0	Theory
1131345.0	Neural_Networks
133550.0	Neural_Networks
1109542.0	Probabilistic_Methods
1116839.0	Case_Based
1103031.0	Probabilistic_Methods
346243.0	Theory
74427.0	Neural_Networks
1131464.0	Neural_Networks
574264.0	Genetic_Algorithms
1115471.0	Probabilistic_Methods
75972.0	Rule_Learning
1153264.0	Case_Based
1129208.0	Theory
6775.0	Neural_Networks
1152564.0	Case_Based
11326.0	Theory
1121313.0	Case_Based
70970.0	Genetic_Algorithms
123556.0	Theory
582343.0	Case_Based
49843.0	Probabilistic_Methods
49895.0	Rule_Learning
137380.0	Rule_Learning
3217.0	Theory
1129368.0	Genetic_Algorithms
213246.0	Theory
1102548.0	Case_Based
6163.0	Reinforcement_Learning
259701.0	Genetic_Algorithms
643777.0	Neural_Networks
1132385.0	Theory
325497.0	Reinforcement_Learning
576691.0	Genetic_Algorithms
192734.0	Theory
141171.0	Neural_Networks
55801.0	Case_Based
83461.0	Rule_Learning
14428.0	Probabilistic_Methods
688849.0	Neural_Networks
562940.0	Case_Based
1152075.0	Theory
647447.0	Genetic_Algorithms
85688.0	Neural_Networks
1154251.0	Neural_Networks
155738.0	Theory
39124.0	Genetic_Algorithms
1136814.0	Genetic_Algorithms
46470.0	Theory
46491.0	Case_Based
1128856.0	Rule_Learning
7032.0	Genetic_Algorithms
140569.0	Neural_Networks
116528.0	Theory
5600.0	Case_Based
1000012.0	Theory
95198.0	Case_Based
1136110.0	Neural_Networks
573978.0	Genetic_Algorithms
1108597.0	Case_Based
649730.0	Neural_Networks
202639.0	Neural_Networks
1128935.0	Rule_Learning
1131164.0	Probabilistic_Methods
1131192.0	Probabilistic_Methods
1131195.0	Neural_Networks
1134031.0	Neural_Networks
642593.0	Neural_Networks
645452.0	Probabilistic_Methods
48764.0	Genetic_Algorithms
74937.0	Genetic_Algorithms
78511.0	Genetic_Algorithms
1128201.0	Case_Based
1133390.0	Theory
1125386.0	Rule_Learning
1135589.0	Theory
574009.0	Genetic_Algorithms
77108.0	Neural_Networks
5069.0	Case_Based
734406.0	Case_Based
711994.0	Neural_Networks
206371.0	Genetic_Algorithms
105856.0	Neural_Networks
1153064.0	Rule_Learning
1134197.0	Neural_Networks
1129015.0	Theory
631052.0	Neural_Networks
5869.0	Neural_Networks
1116044.0	Case_Based
1107319.0	Rule_Learning
214472.0	Theory
166989.0	Theory
1111788.0	Neural_Networks
141596.0	Neural_Networks
87417.0	Case_Based
1114664.0	Neural_Networks
43165.0	Neural_Networks
520471.0	Rule_Learning
22869.0	Case_Based
135798.0	Case_Based
1152490.0	Neural_Networks
51934.0	Neural_Networks
8874.0	Case_Based
75121.0	Case_Based
292277.0	Genetic_Algorithms
194609.0	Neural_Networks
735303.0	Neural_Networks
58436.0	Genetic_Algorithms
278403.0	Neural_Networks
814836.0	Rule_Learning
7430.0	Reinforcement_Learning
593155.0	Genetic_Algorithms
124952.0	Probabilistic_Methods
177993.0	Genetic_Algorithms
593942.0	Genetic_Algorithms
1127851.0	Rule_Learning
643695.0	Probabilistic_Methods
1154012.0	Probabilistic_Methods
49847.0	Rule_Learning
634975.0	Genetic_Algorithms
801170.0	Genetic_Algorithms
251756.0	Neural_Networks
246618.0	Genetic_Algorithms
36802.0	Probabilistic_Methods
695284.0	Theory
1110563.0	Neural_Networks
1102567.0	Genetic_Algorithms
12195.0	Theory
672071.0	Neural_Networks
632874.0	Probabilistic_Methods
5462.0	Neural_Networks
628459.0	Neural_Networks
1130915.0	Neural_Networks
763181.0	Neural_Networks
189708.0	Probabilistic_Methods
60169.0	Neural_Networks
152731.0	Neural_Networks
36140.0	Theory
1112026.0	Probabilistic_Methods
263482.0	Rule_Learning
1103394.0	Case_Based
2696.0	Neural_Networks
1113551.0	Case_Based
688824.0	Neural_Networks
1132443.0	Probabilistic_Methods
33325.0	Neural_Networks
594119.0	Genetic_Algorithms
1115701.0	Probabilistic_Methods
1131752.0	Genetic_Algorithms
1154233.0	Probabilistic_Methods
684531.0	Neural_Networks
28267.0	Case_Based
114308.0	Rule_Learning
1152896.0	Neural_Networks
1122304.0	Theory
6311.0	Theory
151430.0	Theory
14529.0	Case_Based
429781.0	Neural_Networks
593560.0	Probabilistic_Methods
70520.0	Genetic_Algorithms
217852.0	Case_Based
289779.0	Genetic_Algorithms
561613.0	Neural_Networks
1131149.0	Neural_Networks
1104258.0	Neural_Networks
102879.0	Case_Based
626531.0	Probabilistic_Methods
1128978.0	Genetic_Algorithms
31349.0	Neural_Networks
1118017.0	Neural_Networks
753265.0	Probabilistic_Methods
237521.0	Neural_Networks
218666.0	Rule_Learning
1153728.0	Case_Based
28456.0	Theory
1153784.0	Neural_Networks
1111614.0	Case_Based
5086.0	Probabilistic_Methods
50336.0	Probabilistic_Methods
1115291.0	Neural_Networks
7276.0	Neural_Networks
44514.0	Case_Based
137849.0	Probabilistic_Methods
40.0	Genetic_Algorithms
35854.0	Theory
1140040.0	Neural_Networks
1153148.0	Theory
30895.0	Neural_Networks
1136442.0	Neural_Networks
1135746.0	Neural_Networks
346292.0	Neural_Networks
1153933.0	Neural_Networks
134315.0	Probabilistic_Methods
7419.0	Genetic_Algorithms
1022969.0	Case_Based
612306.0	Rule_Learning
1107455.0	Reinforcement_Learning
108974.0	Probabilistic_Methods
33895.0	Genetic_Algorithms
58540.0	Reinforcement_Learning
948846.0	Theory
899119.0	Rule_Learning
8224.0	Theory
159897.0	Probabilistic_Methods
1033.0	Genetic_Algorithms
35343.0	Neural_Networks
1154074.0	Neural_Networks
3218.0	Rule_Learning
84020.0	Theory
97892.0	Theory
446271.0	Probabilistic_Methods
1120731.0	Reinforcement_Learning
10796.0	Reinforcement_Learning
1120777.0	Neural_Networks
1125082.0	Neural_Networks
74698.0	Probabilistic_Methods
390894.0	Probabilistic_Methods
1125092.0	Rule_Learning
887.0	Rule_Learning
643003.0	Probabilistic_Methods
221302.0	Case_Based
128.0	Reinforcement_Learning
130.0	Reinforcement_Learning
648106.0	Theory
33301.0	Case_Based
33303.0	Neural_Networks
267824.0	Neural_Networks
307336.0	Theory
1131745.0	Neural_Networks
27530.0	Neural_Networks
1129518.0	Probabilistic_Methods
18812.0	Probabilistic_Methods
1110768.0	Probabilistic_Methods
91581.0	Neural_Networks
66805.0	Genetic_Algorithms
1152194.0	Neural_Networks
27606.0	Theory
1152904.0	Neural_Networks
1152910.0	Reinforcement_Learning
19621.0	Neural_Networks
28387.0	Reinforcement_Learning
43698.0	Neural_Networks
184918.0	Neural_Networks
16008.0	Probabilistic_Methods
37884.0	Probabilistic_Methods
42209.0	Theory
67633.0	Case_Based
75674.0	Reinforcement_Learning
289088.0	Neural_Networks
242663.0	Probabilistic_Methods
1128267.0	Reinforcement_Learning
1154459.0	Genetic_Algorithms
211432.0	Case_Based
1104300.0	Probabilistic_Methods
28487.0	Reinforcement_Learning
62676.0	Case_Based
13213.0	Reinforcement_Learning
1131258.0	Probabilistic_Methods
641976.0	Neural_Networks
1153065.0	Case_Based
35070.0	Case_Based
1129027.0	Genetic_Algorithms
1152358.0	Genetic_Algorithms
423463.0	Probabilistic_Methods
683360.0	Probabilistic_Methods
41666.0	Theory
1128319.0	Neural_Networks
96847.0	Genetic_Algorithms
582139.0	Neural_Networks
561809.0	Probabilistic_Methods
14062.0	Genetic_Algorithms
1103737.0	Theory
1131360.0	Genetic_Algorithms
593022.0	Genetic_Algorithms
145134.0	Neural_Networks
91853.0	Case_Based
32276.0	Neural_Networks
1106630.0	Neural_Networks
99023.0	Neural_Networks
25702.0	Neural_Networks
135765.0	Rule_Learning
1118286.0	Reinforcement_Learning
1128425.0	Neural_Networks
1136446.0	Neural_Networks
594543.0	Genetic_Algorithms
28674.0	Theory
307015.0	Genetic_Algorithms
646440.0	Probabilistic_Methods
385572.0	Neural_Networks
61417.0	Rule_Learning
27249.0	Theory
95588.0	Reinforcement_Learning
27250.0	Theory
3112.0	Case_Based
415693.0	Genetic_Algorithms
578649.0	Genetic_Algorithms
1102442.0	Theory
11339.0	Neural_Networks
11342.0	Theory
49811.0	Theory
943087.0	Neural_Networks
25181.0	Neural_Networks
1103985.0	Genetic_Algorithms
1107558.0	Neural_Networks
137359.0	Rule_Learning
1119180.0	Rule_Learning
127940.0	Neural_Networks
1117760.0	Theory
139547.0	Neural_Networks
45533.0	Neural_Networks
1111240.0	Neural_Networks
3220.0	Case_Based
84021.0	Genetic_Algorithms
3235.0	Rule_Learning
562067.0	Case_Based
213279.0	Rule_Learning
643735.0	Neural_Networks
574462.0	Genetic_Algorithms
502574.0	Theory
1120020.0	Reinforcement_Learning
136766.0	Case_Based
117.0	Reinforcement_Learning
31105.0	Neural_Networks
1114222.0	Probabilistic_Methods
211906.0	Theory
1105505.0	Theory
1105531.0	Probabilistic_Methods
14429.0	Rule_Learning
66794.0	Probabilistic_Methods
62417.0	Neural_Networks
892139.0	Neural_Networks
237376.0	Theory
42848.0	Genetic_Algorithms
139738.0	Neural_Networks
82090.0	Probabilistic_Methods
1104182.0	Theory
1130356.0	Probabilistic_Methods
192870.0	Neural_Networks
561595.0	Probabilistic_Methods
94416.0	Theory
66809.0	Reinforcement_Learning
350319.0	Case_Based
170338.0	Reinforcement_Learning
656231.0	Rule_Learning
95188.0	Case_Based
219239.0	Theory
61073.0	Genetic_Algorithms
227286.0	Neural_Networks
1135455.0	Case_Based
566664.0	Case_Based
573964.0	Genetic_Algorithms
103515.0	Genetic_Algorithms
117316.0	Genetic_Algorithms
1113742.0	Genetic_Algorithms
575402.0	Genetic_Algorithms
595063.0	Genetic_Algorithms
1119505.0	Genetic_Algorithms
1109392.0	Case_Based
8687.0	Genetic_Algorithms
8696.0	Theory
411005.0	Probabilistic_Methods
592986.0	Genetic_Algorithms
416867.0	Genetic_Algorithms
1130539.0	Genetic_Algorithms
377303.0	Genetic_Algorithms
1129798.0	Probabilistic_Methods
853115.0	Neural_Networks
853118.0	Case_Based
1114526.0	Theory
51049.0	Rule_Learning
1133417.0	Probabilistic_Methods
1153024.0	Reinforcement_Learning
31483.0	Theory
1132731.0	Genetic_Algorithms
116790.0	Probabilistic_Methods
1154524.0	Rule_Learning
1154525.0	Rule_Learning
96845.0	Reinforcement_Learning
8766.0	Case_Based
1119671.0	Neural_Networks
1131301.0	Probabilistic_Methods
1105148.0	Reinforcement_Learning
167656.0	Probabilistic_Methods
118259.0	Reinforcement_Learning
32260.0	Theory
642798.0	Probabilistic_Methods
521183.0	Case_Based
100197.0	Neural_Networks
43186.0	Neural_Networks
22876.0	Case_Based
1153900.0	Theory
25794.0	Neural_Networks
684986.0	Case_Based
58453.0	Case_Based
643597.0	Neural_Networks
25805.0	Theory
235678.0	Rule_Learning
1138755.0	Neural_Networks
22241.0	Genetic_Algorithms
59244.0	Rule_Learning
671269.0	Neural_Networks
47684.0	Case_Based
459213.0	Genetic_Algorithms
1112665.0	Theory
593209.0	Genetic_Algorithms
107569.0	Neural_Networks
189623.0	Theory
577227.0	Genetic_Algorithms
16461.0	Neural_Networks
1154071.0	Probabilistic_Methods
210309.0	Probabilistic_Methods
1138043.0	Theory
684372.0	Neural_Networks
948147.0	Neural_Networks
606647.0	Genetic_Algorithms
6913.0	Probabilistic_Methods
1108389.0	Probabilistic_Methods
6941.0	Rule_Learning
267003.0	Neural_Networks
964248.0	Probabilistic_Methods
62389.0	Case_Based
12275.0	Neural_Networks
753070.0	Neural_Networks
149139.0	Neural_Networks
28230.0	Case_Based
1133930.0	Case_Based
1118658.0	Theory
15987.0	Probabilistic_Methods
2702.0	Neural_Networks
1102794.0	Rule_Learning
1107095.0	Rule_Learning
89335.0	Rule_Learning
4983.0	Genetic_Algorithms
8591.0	Neural_Networks
46500.0	Neural_Networks
28385.0	Reinforcement_Learning
46547.0	Theory
102884.0	Neural_Networks
249858.0	Theory
242637.0	Neural_Networks
66990.0	Neural_Networks
273152.0	Genetic_Algorithms
32872.0	Probabilistic_Methods
16843.0	Neural_Networks
5055.0	Theory
4335.0	Probabilistic_Methods
688361.0	Neural_Networks
1139928.0	Reinforcement_Learning
20584.0	Theory
714879.0	Probabilistic_Methods
15429.0	Theory
1122574.0	Neural_Networks
163235.0	Neural_Networks
1153811.0	Rule_Learning
24966.0	Probabilistic_Methods
116021.0	Theory
282700.0	Neural_Networks
1112426.0	Neural_Networks
239800.0	Neural_Networks
41714.0	Genetic_Algorithms
1128407.0	Case_Based
1153195.0	Neural_Networks
8821.0	Reinforcement_Learning
168410.0	Reinforcement_Learning
10531.0	Probabilistic_Methods
1110390.0	Case_Based
650814.0	Neural_Networks
1122704.0	Neural_Networks
6786.0	Probabilistic_Methods
1117653.0	Neural_Networks
64319.0	Theory
249421.0	Neural_Networks
591016.0	Rule_Learning
763009.0	Neural_Networks
5348.0	Neural_Networks
1131550.0	Genetic_Algorithms
1135125.0	Neural_Networks
286562.0	Neural_Networks
1119140.0	Genetic_Algorithms
9708.0	Case_Based
38205.0	Genetic_Algorithms
284414.0	Theory
6125.0	Theory
644448.0	Probabilistic_Methods
6169.0	Reinforcement_Learning
6170.0	Reinforcement_Learning
1116347.0	Theory
57948.0	Theory
1154103.0	Neural_Networks
12960.0	Theory
120084.0	Neural_Networks
562123.0	Neural_Networks
1137466.0	Genetic_Algorithms
1104055.0	Rule_Learning
64519.0	Rule_Learning
18777.0	Probabilistic_Methods
23116.0	Probabilistic_Methods
948299.0	Neural_Networks
197054.0	Reinforcement_Learning
6210.0	Reinforcement_Learning
6214.0	Reinforcement_Learning
13717.0	Rule_Learning
755217.0	Probabilistic_Methods
1133196.0	Genetic_Algorithms
910.0	Neural_Networks
101261.0	Probabilistic_Methods
73327.0	Case_Based
15984.0	Probabilistic_Methods
1120170.0	Reinforcement_Learning
46452.0	Rule_Learning
1128846.0	Neural_Networks
68224.0	Neural_Networks
1114352.0	Neural_Networks
90888.0	Neural_Networks
1152143.0	Rule_Learning
241821.0	Probabilistic_Methods
854434.0	Reinforcement_Learning
8581.0	Neural_Networks
8594.0	Rule_Learning
103543.0	Probabilistic_Methods
466170.0	Probabilistic_Methods
82920.0	Genetic_Algorithms
375825.0	Probabilistic_Methods
48781.0	Theory
708945.0	Neural_Networks
1152277.0	Neural_Networks
646913.0	Genetic_Algorithms
954315.0	Case_Based
1153736.0	Genetic_Algorithms
35797.0	Neural_Networks
1113084.0	Neural_Networks
1153014.0	Case_Based
1113828.0	Neural_Networks
6539.0	Theory
50354.0	Neural_Networks
1153056.0	Reinforcement_Learning
1125467.0	Probabilistic_Methods
1125492.0	Genetic_Algorithms
56112.0	Reinforcement_Learning
91038.0	Probabilistic_Methods
1119623.0	Probabilistic_Methods
1136397.0	Neural_Networks
239810.0	Case_Based
20601.0	Rule_Learning
72908.0	Rule_Learning
116087.0	Rule_Learning
167670.0	Reinforcement_Learning
133566.0	Neural_Networks
1153101.0	Rule_Learning
83847.0	Neural_Networks
683404.0	Probabilistic_Methods
1152421.0	Genetic_Algorithms
531348.0	Probabilistic_Methods
531351.0	Probabilistic_Methods
135766.0	Rule_Learning
162664.0	Probabilistic_Methods
1116842.0	Theory
917493.0	Neural_Networks
1128430.0	Probabilistic_Methods
1108834.0	Neural_Networks
8875.0	Reinforcement_Learning
64271.0	Case_Based
3085.0	Case_Based
1131420.0	Neural_Networks
193932.0	Genetic_Algorithms
4553.0	Case_Based
27243.0	Theory
1153275.0	Theory
1106789.0	Probabilistic_Methods
1116922.0	Rule_Learning
52784.0	Theory
1140231.0	Theory
1103960.0	Neural_Networks
593248.0	Genetic_Algorithms
16437.0	Neural_Networks
1107572.0	Theory
16474.0	Neural_Networks
73119.0	Case_Based
174425.0	Neural_Networks
675649.0	Neural_Networks
1138091.0	Probabilistic_Methods
92065.0	Neural_Networks
20178.0	Neural_Networks
245955.0	Theory
1110579.0	Neural_Networks
12194.0	Theory
6130.0	Neural_Networks
112787.0	Case_Based
656048.0	Case_Based
33231.0	Probabilistic_Methods
1130934.0	Probabilistic_Methods
141868.0	Case_Based
60170.0	Neural_Networks
1116397.0	Case_Based
197783.0	Neural_Networks
34708.0	Theory
318187.0	Rule_Learning
136767.0	Theory
309476.0	Probabilistic_Methods
1120084.0	Neural_Networks
1112071.0	Probabilistic_Methods
154982.0	Probabilistic_Methods
98693.0	Genetic_Algorithms
6238.0	Theory
74749.0	Theory
1132434.0	Probabilistic_Methods
940.0	Case_Based
379288.0	Neural_Networks
70444.0	Case_Based
39199.0	Neural_Networks
12337.0	Reinforcement_Learning
7041.0	Neural_Networks
1106370.0	Neural_Networks
1114398.0	Neural_Networks
22563.0	Neural_Networks
522338.0	Probabilistic_Methods
200480.0	Neural_Networks
237489.0	Neural_Networks
294145.0	Rule_Learning
117315.0	Genetic_Algorithms
118079.0	Neural_Networks
648369.0	Probabilistic_Methods
683294.0	Probabilistic_Methods
284023.0	Neural_Networks
48066.0	Theory
102939.0	Neural_Networks
1123215.0	Theory
77112.0	Genetic_Algorithms
1129778.0	Genetic_Algorithms
646289.0	Probabilistic_Methods
645571.0	Probabilistic_Methods
395540.0	Neural_Networks
1110209.0	Probabilistic_Methods
307656.0	Genetic_Algorithms
380341.0	Neural_Networks
55403.0	Probabilistic_Methods
1153816.0	Neural_Networks
134219.0	Genetic_Algorithms
231198.0	Reinforcement_Learning
1131334.0	Probabilistic_Methods
1131359.0	Genetic_Algorithms
643485.0	Probabilistic_Methods
1118209.0	Theory
270456.0	Probabilistic_Methods
63549.0	Probabilistic_Methods
1138619.0	Genetic_Algorithms
28640.0	Neural_Networks
409725.0	Rule_Learning
1105231.0	Neural_Networks
1131414.0	Genetic_Algorithms
46887.0	Theory
1116181.0	Case_Based
521251.0	Case_Based
899085.0	Rule_Learning
189571.0	Probabilistic_Methods
189574.0	Probabilistic_Methods
1119078.0	Theory
6782.0	Theory
1128536.0	Theory
645016.0	Probabilistic_Methods
124224.0	Probabilistic_Methods
37483.0	Case_Based
169279.0	Neural_Networks
567005.0	Neural_Networks
1112650.0	Probabilistic_Methods
118424.0	Neural_Networks
634938.0	Genetic_Algorithms
189620.0	Probabilistic_Methods
645870.0	Probabilistic_Methods
235776.0	Theory
1117786.0	Rule_Learning
3237.0	Neural_Networks
37541.0	Neural_Networks
689439.0	Rule_Learning
31083.0	Neural_Networks
672070.0	Neural_Networks
57932.0	Neural_Networks
73972.0	Case_Based
593328.0	Genetic_Algorithms
1123689.0	Probabilistic_Methods
6923.0	Rule_Learning
62347.0	Neural_Networks
1119295.0	Rule_Learning
1111304.0	Reinforcement_Learning
627024.0	Neural_Networks
578845.0	Genetic_Algorithms
1132406.0	Neural_Networks
47839.0	Reinforcement_Learning
1138968.0	Genetic_Algorithms
1132461.0	Neural_Networks
1120138.0	Neural_Networks
202520.0	Probabilistic_Methods
294030.0	Case_Based
1112194.0	Reinforcement_Learning
1105622.0	Neural_Networks
116552.0	Genetic_Algorithms
14545.0	Neural_Networks
610529.0	Probabilistic_Methods
430574.0	Neural_Networks
264347.0	Neural_Networks
1129610.0	Genetic_Algorithms
50980.0	Case_Based
1152958.0	Neural_Networks
254923.0	Genetic_Algorithms
447250.0	Neural_Networks
626530.0	Probabilistic_Methods
1131184.0	Neural_Networks
1128977.0	Genetic_Algorithms
